<?xml version="1.0" encoding="UTF-8"?>
<!DOCTYPE mapper
PUBLIC "-//mybatis.org//DTD Mapper 3.0//EN"
"http://mybatis.org/dtd/mybatis-3-mapper.dtd">
 <mapper namespace="com.neuedu.mapper.ShoppingCartMapper">
 
 	<update id="insertShoppingCart" parameterType="string">
 	UPDATE ShoppingCart
	SET state=1
	WHERE isbn=#{isbn}
 	</update>
 	
 	<select id="countMax" resultType="int">
 	SELECT COUNT(*)
	FROM ShoppingCart
	</select>
	
	<select id="findShoppingCartPage"  resultType="com.neuedu.pojo.ShoppingCart">
	SELECT bookname,isbn,unitprice,num,totalprice,total
	FROM ShoppingCart
	WHERE state=1
	limit ${begin},${pageSize}
	</select>
	
	<update id="deleteShoppingCart" parameterType="string">
 	UPDATE ShoppingCart
	SET state=0
	WHERE isbn=#{isbn}
 	</update>
 	
 </mapper>