<?xml version="1.0" encoding="UTF-8"?>
<!DOCTYPE mapper
PUBLIC "-//mybatis.org//DTD Mapper 3.0//EN"
"http://mybatis.org/dtd/mybatis-3-mapper.dtd">
 <mapper namespace="com.neuedu.mapper.StorageMapper">
  	<select id="countMax" resultType="int">
 	SELECT COUNT(*)
	FROM ShoppingCart
	</select>
	<select id="findStoragePage"  resultType="com.neuedu.pojo.Storage">
	SELECT bookname,isbn,unitprice
	FROM Storage
	WHERE state=1
	limit ${begin},${pageSize}
	</select>
	<update id="insertStorage" parameterType="string">
 	UPDATE Storage
	SET state=1
	WHERE isbn=#{isbn}
 	</update>
 	<update id="deleteStorage" parameterType="string">
 	UPDATE Storage
	SET state=0
	WHERE isbn=#{isbn}
 	</update>
 </mapper>