﻿<?xml version="1.0" encoding="UTF-8"?>
<!DOCTYPE mapper
PUBLIC "-//mybatis.org//DTD Mapper 3.0//EN"
"http://mybatis.org/dtd/mybatis-3-mapper.dtd">
 <mapper namespace="com.neuedu.mapper.UserMapper">
	<insert id="insertUser" parameterType="User">
 	INSERT INTO User(email,username,password,sex,region)
 	VALUES(
		<if test="email!=null and email!=''">
		#{email},
		</if>
		<if test="username!=null and username!=''">
		#{username},
		</if>
		<if test="password!=null and password!=''">
		#{password},
		</if>
		<if test="sex!=null and sex!=''">
		#{sex},
		</if>
		<if test="region!=null and region!=''">
		#{region}
		</if>
	)
 	</insert>
	<select id="findUserList" resultType="com.neuedu.pojo.User">
	SELECT id,email,username,password,sex,region
	FROM User
 	</select>
 	<select id="login" parameterType="string" resultType="int">
 	SELECT COUNT(*)
	FROM User
	WHERE email='${email}' AND password='${password}'
 	</select>
 	
 </mapper>